,Unnamed: 0,rx_note_simulated,rx_note_normalized,paren_text,rxmatch0,rxcui0,tty0,score0,amount,form,rx_note_no_form,release,rx_note_no_release,is_prn,frequency_per_day,freq_raw,frequency_timing,rx_note_normalized_no_frequency,dose,units,rx_note_no_dose_unit,route,rx_note_no_route,time_of_day,rx_note_no_time,numbers,rxmatch1,rxcui1,tty1,score1
0,0,Carbidopa-Levodopa 25/100 mg 1 tab TID,carbidopa-levodopa 25/100 mg 1 tabs tid,[],,,,,[1],['tabs'],carbidopa-levodopa 25/100 mg tid,,carbidopa-levodopa 25/100 mg,False,3.0,3.0,,carbidopa-levodopa 25/100 mg,"[25.0, 100.0]","['mg', 'mg']",carbidopa levodopa,,carbidopa levodopa,,carbidopa levodopa,[],carbidopa / levodopa,103990,MIN,94.73684210526316
1,1,take 2 tablets of levodopa 100mg twice daily,2 tabs levodopa 100mg twice daily,[],,,,,[2],['tabs'],levodopa 100mg twice daily,,levodopa 100mg,False,2.0,2.0,,levodopa 100mg,[100.0],['mg'],levodopa,,levodopa,,levodopa,[],levodopa,6375,IN,100.0
2,2,Ropinirole 0.25 mg x3/day,ropinirole 0.25 mg x3/day,[],,,,,,,ropinirole 0.25 mg x3/day,,ropinirole 0.25 mg x3,False,1.0,1.0,,ropinirole 0.25 mg x3,[0.25],['mg'],ropinirole x3,,ropinirole x3,,ropinirole x,['3'],ropinirole,72302,IN,90.9090909090909
3,3,amantadine 100 mg bid,amantadine 100 mg bid,[],,,,,,,amantadine 100 mg bid,,amantadine 100 mg,False,2.0,2.0,,amantadine 100 mg,[100.0],['mg'],amantadine,,amantadine,,amantadine,[],amantadine,620,IN,100.0
4,4,Carb/levo 25-100mg 1 tablet 3 times a day,carb/levodopa 25-100mg 1 tabs 3 times a day,[],,,,,[1],['tabs'],carb/levodopa 25-100mg 3 times a day,,carb/levodopa 25-100mg,False,3.0,3.0,,carb/levodopa 25-100mg,"[25.0, 100.0]","['mg', 'mg']",carb levodopa,,carb levodopa,,carb levodopa,[],,,,
5,5,pramipexole 0.5mg qd,pramipexole 0.5mg qd,[],,,,,,,pramipexole 0.5mg qd,,pramipexole 0.5mg,False,1.0,1.0,,pramipexole 0.5mg,[0.5],['mg'],pramipexole,,pramipexole,,pramipexole,[],pramipexole,746741,IN,100.0
6,6,rasagiline 1 mg daily,rasagiline 1 mg daily,[],,,,,,,rasagiline 1 mg daily,,rasagiline 1 mg,False,1.0,1.0,,rasagiline 1 mg,[1.0],['mg'],rasagiline,,rasagiline,,rasagiline,[],rasagiline,134748,IN,100.0
7,7,rotigotine 4mg/24hr patch,rotigotine 4mg/24hr patch,[],,,,,,['patch'],rotigotine 4mg/24hr,,rotigotine 4mg,False,1.0,1.0,,rotigotine 4mg,[4.0],['mg'],rotigotine,,rotigotine,,rotigotine,[],rotigotine,616739,IN,100.0
8,8,Stalevo 50/200/200 mg 1 tab tid,stalevo 50/200/200 mg 1 tabs tid,[],,,,,[1],['tabs'],stalevo 50/200/200 mg tid,,stalevo 50/200/200 mg,False,3.0,3.0,,stalevo 50/200/200 mg,"[50.0, 200.0, 200.0]","['mg', 'mg', 'mg']",stalevo,,stalevo,,stalevo,[],stalevo,1372713,BN,100.0
9,9,Sinemet CR 25/100 mg 2 tabs at bedtime,sinemet er 25/100 mg 2 tabs pm,[],,,,,[2],['tabs'],sinemet er 25/100 mg pm,['er'],sinemet 25/100 mg pm,False,,,,sinemet 25/100 mg pm,"[25.0, 100.0]","['mg', 'mg']",sinemet pm,,sinemet pm,['pm'],sinemet,[],sinemet,36572,BN,100.0
10,10,levodopa 100mg + carbidopa 25mg TID,carbidopa/levodopa 25/100mg tid,[],,,,,,,carbidopa/levodopa 25/100mg tid,,carbidopa/levodopa 25/100mg,False,3.0,3.0,,carbidopa/levodopa 25/100mg,"[25.0, 100.0]","['mg', 'mg']",carbidopa levodopa,,carbidopa levodopa,,carbidopa levodopa,[],carbidopa / levodopa,103990,MIN,94.73684210526316
11,11,take 1.5 tabs of 25/100 mg carbidopa levodopa three times daily,1.5 tabs 25/100 mg carbidopa levodopa three times daily,[],,,,,[1.5],['tabs'],25/100 mg carbidopa levodopa three times daily,,25/100 mg carbidopa levodopa,False,3.0,3.0,,25/100 mg carbidopa levodopa,"[25.0, 100.0]","['mg', 'mg']",carbidopa levodopa,,carbidopa levodopa,,carbidopa levodopa,[],carbidopa / levodopa,103990,MIN,94.73684210526316
12,12,Amantadine HCL 100mg 2x daily,amantadine 100mg 2x daily,[],,,,,,,amantadine 100mg 2x daily,,amantadine 100mg,False,2.0,2.0,,amantadine 100mg,[100.0],['mg'],amantadine,,amantadine,,amantadine,[],amantadine,620,IN,100.0
13,13,Gocovri 137 mg cap nightly,gocovri 137 mg caps nightly,[],,,,,,['caps'],gocovri 137 mg nightly,,gocovri 137 mg,False,1.0,1.0,,gocovri 137 mg,[137.0],['mg'],gocovri,,gocovri,,gocovri,[],gocovri,1944371,BN,100.0
14,14,Osmolex ER 258mg once daily,osmolex er 258mg once daily,[],,,,,,,osmolex er 258mg once daily,['er'],osmolex 258mg,False,1.0,1.0,,osmolex 258mg,[258.0],['mg'],osmolex,,osmolex,,osmolex,[],osmolex,2044715,BN,100.0
15,15,Inbrija 42 mg inhalation as needed,inbrija 42 mg inhalation as needed,[],,,,,,,inbrija 42 mg inhalation as needed,,inbrija 42 mg inhalation,True,,,,inbrija 42 mg inhalation,[42.0],['mg'],inbrija inhalation,['inhalation'],inbrija,,inbrija,[],inbrija,2107617,BN,100.0
16,16,apomorphine 2mg subcutaneous prn,apomorphine 2mg subcutaneous prn,[],,,,,,,apomorphine 2mg subcutaneous prn,,apomorphine 2mg subcutaneous,True,,,,apomorphine 2mg subcutaneous,[2.0],['mg'],apomorphine subcutaneous,['subcutaneous'],apomorphine,,apomorphine,[],apomorphine,1043,IN,100.0
17,17,Neupro 6 mg patch q24 hours,neupro 6 mg patch q24 hours,[],,,,,,['patch'],neupro 6 mg q24 hours,,neupro 6 mg hours,False,1.0,1.0,,neupro 6 mg hours,[6.0],['mg'],neupro hours,,neupro hours,,neupro hours,[],,,,
18,18,levodopa 200 mg morning and 100 mg evening,levodopa 200 mg am 100 mg pm,[],,,,,,,levodopa 200 mg am 100 mg pm,,levodopa 200 mg am 100 mg pm,False,,,,levodopa 200 mg am 100 mg pm,"[200.0, 100.0]","['mg', 'mg']",levodopa am pm,,levodopa am pm,"['am', 'pm']",levodopa,[],levodopa,6375,IN,100.0
19,19,carbidopa levodopa 25/100 mg 1 tab qid,carbidopa levodopa 25/100 mg 1 tabs qid,[],,,,,[1],['tabs'],carbidopa levodopa 25/100 mg qid,,carbidopa levodopa 25/100 mg,False,4.0,4.0,,carbidopa levodopa 25/100 mg,"[25.0, 100.0]","['mg', 'mg']",carbidopa levodopa,,carbidopa levodopa,,carbidopa levodopa,[],carbidopa / levodopa,103990,MIN,94.73684210526316
20,20,Rytary 48.75/195 mg 2 caps TID,rytary 48.75/195 mg 2 caps tid,[],,,,,[2],['caps'],rytary 48.75/195 mg tid,,rytary 48.75/195 mg,False,3.0,3.0,,rytary 48.75/195 mg,"[48.75, 195.0]","['mg', 'mg']",rytary,,rytary,,rytary,[],rytary,1599245,BN,100.0
21,21,levodopa/carbidopa 100/25 mg tablet twice a day,levodopa/carbidopa 100/25 mg tabs twice a day,[],,,,,,['tabs'],levodopa/carbidopa 100/25 mg twice a day,,levodopa/carbidopa 100/25 mg,False,2.0,2.0,,levodopa/carbidopa 100/25 mg,"[100.0, 25.0]","['mg', 'mg']",levodopa carbidopa,,levodopa carbidopa,,levodopa carbidopa,[],carbidopa / levodopa,103990,MIN,94.73684210526316
22,22,pramipexole 0.125 mg tid,pramipexole 0.125 mg tid,[],,,,,,,pramipexole 0.125 mg tid,,pramipexole 0.125 mg,False,3.0,3.0,,pramipexole 0.125 mg,[0.125],['mg'],pramipexole,,pramipexole,,pramipexole,[],pramipexole,746741,IN,100.0
23,23,ropinerole 1mg three times daily,ropinerole 1mg three times daily,[],,,,,,,ropinerole 1mg three times daily,,ropinerole 1mg,False,3.0,3.0,,ropinerole 1mg,[1.0],['mg'],ropinerole,,ropinerole,,ropinerole,[],ropinirole,72302,IN,90.0
24,24,rasagaline 1 mg daily,rasagaline 1 mg daily,[],,,,,,,rasagaline 1 mg daily,,rasagaline 1 mg,False,1.0,1.0,,rasagaline 1 mg,[1.0],['mg'],rasagaline,,rasagaline,,rasagaline,[],rasagiline,134748,IN,90.0
25,25,amantadin 100 mg bid,amantadin 100 mg bid,[],,,,,,,amantadin 100 mg bid,,amantadin 100 mg,False,2.0,2.0,,amantadin 100 mg,[100.0],['mg'],amantadin,,amantadin,,amantadin,[],amantadine,620,IN,94.73684210526316
26,26,carbidopa levodopa 25/100 mg 1 tab tid prn,carbidopa levodopa 25/100 mg 1 tabs tid prn,[],,,,,[1],['tabs'],carbidopa levodopa 25/100 mg tid prn,,carbidopa levodopa 25/100 mg,True,3.0,3.0,,carbidopa levodopa 25/100 mg,"[25.0, 100.0]","['mg', 'mg']",carbidopa levodopa,,carbidopa levodopa,,carbidopa levodopa,[],carbidopa / levodopa,103990,MIN,94.73684210526316
27,27,levodopa 100 mg qam,levodopa 100 mg qam,[],,,,,,,levodopa 100 mg qam,,levodopa 100 mg,False,1.0,1.0,,levodopa 100 mg,[100.0],['mg'],levodopa,,levodopa,,levodopa,[],levodopa,6375,IN,100.0
28,28,levodopa 100 mg qpm,levodopa 100 mg qpm,[],,,,,,,levodopa 100 mg qpm,,levodopa 100 mg,False,1.0,1.0,,levodopa 100 mg,[100.0],['mg'],levodopa,,levodopa,,levodopa,[],levodopa,6375,IN,100.0
29,29,levodopa 100mg q4h,levodopa 100mg q4h,[],,,,,,,levodopa 100mg q4h,,levodopa 100mg,False,6.0,6.0,,levodopa 100mg,[100.0],['mg'],levodopa,,levodopa,,levodopa,[],levodopa,6375,IN,100.0
30,30,carbidopa/levodopa 25/100 mg 1 tab every 4 hours,carbidopa/levodopa 25/100 mg 1 tabs every 4 hours,[],,,,,[1],['tabs'],carbidopa/levodopa 25/100 mg every 4 hours,,carbidopa/levodopa 25/100 mg,False,6.0,6.0,,carbidopa/levodopa 25/100 mg,"[25.0, 100.0]","['mg', 'mg']",carbidopa levodopa,,carbidopa levodopa,,carbidopa levodopa,[],carbidopa / levodopa,103990,MIN,94.73684210526316
31,31,take 1 tab 25/100 mg 5x/day,1 tabs 25/100 mg 5x/day,[],,,,,[1],['tabs'],25/100 mg 5x/day,,25/100 mg,False,5.0,5.0,,25/100 mg,"[25.0, 100.0]","['mg', 'mg']",,,,,,[],,,,
32,32,"levodopa 100 mg in the morning, 100 mg noon, 200 mg night",levodopa 100 mg am 100 mg noon 200 mg pm,[],,,,,,,levodopa 100 mg am 100 mg noon 200 mg pm,,levodopa 100 mg am 100 mg noon 200 mg pm,False,,,,levodopa 100 mg am 100 mg noon 200 mg pm,"[100.0, 100.0, 200.0]","['mg', 'mg', 'mg']",levodopa am noon pm,,levodopa am noon pm,"['am', 'noon', 'pm']",levodopa,[],levodopa,6375,IN,100.0
33,33,rotigotine 2 mg/24hr transdermal system,rotigotine 2 mg/24hr transdermal,[],,,,,,,rotigotine 2 mg/24hr transdermal,,rotigotine 2 mg transdermal,False,1.0,1.0,,rotigotine 2 mg transdermal,[2.0],['mg'],rotigotine transdermal,['transdermal'],rotigotine,,rotigotine,[],rotigotine,616739,IN,100.0
34,34,Neupro patch 4 mg daily,neupro patch 4 mg daily,[],,,,,,['patch'],neupro 4 mg daily,,neupro 4 mg,False,1.0,1.0,,neupro 4 mg,[4.0],['mg'],neupro,,neupro,,neupro,[],neupro,707892,BN,100.0
35,35,Gocovri 68.5 mg capsules 2 at bedtime,gocovri 68.5 mg caps 2 pm,[],,,,,,['caps'],gocovri 68.5 mg 2 pm,,gocovri 68.5 mg 2 pm,False,,,,gocovri 68.5 mg 2 pm,[68.5],['mg'],gocovri 2 pm,,gocovri 2 pm,['pm'],gocovri ,['2'],gocovri,1944371,BN,100.0
36,36,Sinemet 25/100 mg 1 tablet po tid,sinemet 25/100 mg 1 tabs oral tid,[],,,,,[1],['tabs'],sinemet 25/100 mg oral tid,,sinemet 25/100 mg oral,False,3.0,3.0,,sinemet 25/100 mg oral,"[25.0, 100.0]","['mg', 'mg']",sinemet oral,['oral'],sinemet,,sinemet,[],sinemet,36572,BN,100.0
37,37,Sinemet 25/100 mg 1 tablet po bid,sinemet 25/100 mg 1 tabs oral bid,[],,,,,[1],['tabs'],sinemet 25/100 mg oral bid,,sinemet 25/100 mg oral,False,2.0,2.0,,sinemet 25/100 mg oral,"[25.0, 100.0]","['mg', 'mg']",sinemet oral,['oral'],sinemet,,sinemet,[],sinemet,36572,BN,100.0
38,38,Sinemet 25/100 mg 1 tablet po qid,sinemet 25/100 mg 1 tabs oral qid,[],,,,,[1],['tabs'],sinemet 25/100 mg oral qid,,sinemet 25/100 mg oral,False,4.0,4.0,,sinemet 25/100 mg oral,"[25.0, 100.0]","['mg', 'mg']",sinemet oral,['oral'],sinemet,,sinemet,[],sinemet,36572,BN,100.0
39,39,levodopa 100 mg + entacapone 200 mg tid,levodopa 100 mg entacapone 200 mg tid,[],,,,,,,levodopa 100 mg entacapone 200 mg tid,,levodopa 100 mg entacapone 200 mg,False,3.0,3.0,,levodopa 100 mg entacapone 200 mg,"[100.0, 200.0]","['mg', 'mg']",levodopa entacapone,,levodopa entacapone,,levodopa entacapone,[],,,,
40,40,Stalevo 100/25/200 mg 1 tab tid,stalevo 100/25/200 mg 1 tabs tid,[],,,,,[1],['tabs'],stalevo 100/25/200 mg tid,,stalevo 100/25/200 mg,False,3.0,3.0,,stalevo 100/25/200 mg,"[100.0, 25.0, 200.0]","['mg', 'mg', 'mg']",stalevo,,stalevo,,stalevo,[],stalevo,1372713,BN,100.0
41,41,Comtan 200 mg with each levodopa dose,comtan 200 mg with each levodopa dose,[],,,,,,['dose'],comtan 200 mg with each levodopa,,comtan 200 mg with each levodopa,False,,,,comtan 200 mg with each levodopa,[200.0],['mg'],comtan with each levodopa,,comtan with each levodopa,,comtan with each levodopa,[],,,,
42,42,opicapone 50 mg nightly,opicapone 50 mg nightly,[],,,,,,,opicapone 50 mg nightly,,opicapone 50 mg,False,1.0,1.0,,opicapone 50 mg,[50.0],['mg'],opicapone,,opicapone,,opicapone,[],opicapone,2362167,IN,100.0
43,43,istradefylline 20 mg daily,istradefylline 20 mg daily,[],,,,,,,istradefylline 20 mg daily,,istradefylline 20 mg,False,1.0,1.0,,istradefylline 20 mg,[20.0],['mg'],istradefylline,,istradefylline,,istradefylline,[],istradefylline,2199015,IN,100.0
44,44,selegiline 5 mg bid,selegiline 5 mg bid,[],,,,,,,selegiline 5 mg bid,,selegiline 5 mg,False,2.0,2.0,,selegiline 5 mg,[5.0],['mg'],selegiline,,selegiline,,selegiline,[],selegiline,9639,IN,100.0
45,45,safinamide 50 mg daily,safinamide 50 mg daily,[],,,,,,,safinamide 50 mg daily,,safinamide 50 mg,False,1.0,1.0,,safinamide 50 mg,[50.0],['mg'],safinamide,,safinamide,,safinamide,[],safinamide,1922448,IN,100.0
46,46,trihexyphenidyl 2 mg tid,trihexyphenidyl 2 mg tid,[],,,,,,,trihexyphenidyl 2 mg tid,,trihexyphenidyl 2 mg,False,3.0,3.0,,trihexyphenidyl 2 mg,[2.0],['mg'],trihexyphenidyl,,trihexyphenidyl,,trihexyphenidyl,[],trihexyphenidyl,10811,IN,100.0
47,47,piribedil 50 mg bid,piribedil 50 mg bid,[],,,,,,,piribedil 50 mg bid,,piribedil 50 mg,False,2.0,2.0,,piribedil 50 mg,[50.0],['mg'],piribedil,,piribedil,,piribedil,[],piribedil,8353,IN,100.0
48,48,levodopa 100 mg prn,levodopa 100 mg prn,[],,,,,,,levodopa 100 mg prn,,levodopa 100 mg,True,,,,levodopa 100 mg,[100.0],['mg'],levodopa,,levodopa,,levodopa,[],levodopa,6375,IN,100.0
49,49,carbidopa levodopa 25/100 mg half tab tid,carbidopa levodopa 25/100 mg 0.5 tabs tid,[],,,,,[0.5],['tabs'],carbidopa levodopa 25/100 mg tid,,carbidopa levodopa 25/100 mg,False,3.0,3.0,,carbidopa levodopa 25/100 mg,"[25.0, 100.0]","['mg', 'mg']",carbidopa levodopa,,carbidopa levodopa,,carbidopa levodopa,[],carbidopa / levodopa,103990,MIN,94.73684210526316
50,50,levodopa 100 mg 1 tab in AM and 2 tabs in PM,levodopa 100 mg 1 tabs am 2 tabs pm,[],,,,,"[1, 2]",['tabs'],levodopa 100 mg am pm,,levodopa 100 mg am pm,False,,,,levodopa 100 mg am pm,[100.0],['mg'],levodopa am pm,,levodopa am pm,"['am', 'pm']",levodopa,[],levodopa,6375,IN,100.0
51,51,"levodopa 100 mg 1 tab morning, 1 tab noon, 1 tab evening",levodopa 100 mg 1 tabs am 1 tabs noon 1 tabs pm,[],,,,,[1],['tabs'],levodopa 100 mg am noon pm,,levodopa 100 mg am noon pm,False,,,,levodopa 100 mg am noon pm,[100.0],['mg'],levodopa am noon pm,,levodopa am noon pm,"['am', 'noon', 'pm']",levodopa,[],levodopa,6375,IN,100.0
52,52,levodopa 100mg tabs x 3 daily,levodopa 100mg tabs x 3 daily,[],,,,,,['tabs'],levodopa 100mg x 3 daily,,levodopa 100mg x,False,3.0,3.0,,levodopa 100mg x,[100.0],['mg'],levodopa x,,levodopa x,,levodopa x,[],levodopa,6375,IN,88.88888888888889
53,53,levodopa 100 mg (1 tab) tid,levodopa 100 mg 1 tabs tid,['1 tabs'],,,,,[1],['tabs'],levodopa 100 mg tid,,levodopa 100 mg,False,3.0,3.0,,levodopa 100 mg,[100.0],['mg'],levodopa,,levodopa,,levodopa,[],levodopa,6375,IN,100.0
54,54,levodopa 100 mg tablet three times per day,levodopa 100 mg tabs three times per day,[],,,,,,['tabs'],levodopa 100 mg three times per day,,levodopa 100 mg,False,3.0,3.0,,levodopa 100 mg,[100.0],['mg'],levodopa,,levodopa,,levodopa,[],levodopa,6375,IN,100.0
55,55,levodopa 100mg tablet once daily,levodopa 100mg tabs once daily,[],,,,,,['tabs'],levodopa 100mg once daily,,levodopa 100mg,False,1.0,1.0,,levodopa 100mg,[100.0],['mg'],levodopa,,levodopa,,levodopa,[],levodopa,6375,IN,100.0
56,56,levodopa 100 mg 1 tablet qwk,levodopa 100 mg 1 tabs qwk,[],,,,,[1],['tabs'],levodopa 100 mg qwk,,levodopa 100 mg,False,0.142857143,0.142857143,,levodopa 100 mg,[100.0],['mg'],levodopa,,levodopa,,levodopa,[],levodopa,6375,IN,100.0
57,57,levodopa 100 mg every other day,levodopa 100 mg every other day,[],,,,,,,levodopa 100 mg every other day,,levodopa 100 mg,False,0.5,0.5,,levodopa 100 mg,[100.0],['mg'],levodopa,,levodopa,,levodopa,[],levodopa,6375,IN,100.0
58,58,levodopa 100 mg 2 tabs every morning,levodopa 100 mg 2 tabs every am,[],,,,,[2],['tabs'],levodopa 100 mg every am,,levodopa 100 mg,False,1.0,1.0,,levodopa 100 mg,[100.0],['mg'],levodopa,,levodopa,,levodopa,[],levodopa,6375,IN,100.0
59,59,levodopa 100 mg 2 tabs qam,levodopa 100 mg 2 tabs qam,[],,,,,[2],['tabs'],levodopa 100 mg qam,,levodopa 100 mg,False,1.0,1.0,,levodopa 100 mg,[100.0],['mg'],levodopa,,levodopa,,levodopa,[],levodopa,6375,IN,100.0
60,60,levodopa 100 mg 2 tabs qpm,levodopa 100 mg 2 tabs qpm,[],,,,,[2],['tabs'],levodopa 100 mg qpm,,levodopa 100 mg,False,1.0,1.0,,levodopa 100 mg,[100.0],['mg'],levodopa,,levodopa,,levodopa,[],levodopa,6375,IN,100.0
61,61,levodopa 100 mg 2 tabs qhs,levodopa 100 mg 2 tabs qhs,[],,,,,[2],['tabs'],levodopa 100 mg qhs,,levodopa 100 mg,False,1.0,1.0,,levodopa 100 mg,[100.0],['mg'],levodopa,,levodopa,,levodopa,[],levodopa,6375,IN,100.0
62,62,levodopa 100 mg 2 tabs nightly,levodopa 100 mg 2 tabs nightly,[],,,,,[2],['tabs'],levodopa 100 mg nightly,,levodopa 100 mg,False,1.0,1.0,,levodopa 100 mg,[100.0],['mg'],levodopa,,levodopa,,levodopa,[],levodopa,6375,IN,100.0
63,63,levodopa 100 mg 2 tabs bedtime,levodopa 100 mg 2 tabs pm,[],,,,,[2],['tabs'],levodopa 100 mg pm,,levodopa 100 mg pm,False,,,,levodopa 100 mg pm,[100.0],['mg'],levodopa pm,,levodopa pm,['pm'],levodopa,[],levodopa,6375,IN,100.0
64,64,levodopa 100 mg 2 tabs before sleep,levodopa 100 mg 2 tabs pm,[],,,,,[2],['tabs'],levodopa 100 mg pm,,levodopa 100 mg pm,False,,,,levodopa 100 mg pm,[100.0],['mg'],levodopa pm,,levodopa pm,['pm'],levodopa,[],levodopa,6375,IN,100.0
65,65,levodopa 100 mg 2 tabs at night,levodopa 100 mg 2 tabs pm,[],,,,,[2],['tabs'],levodopa 100 mg pm,,levodopa 100 mg pm,False,,,,levodopa 100 mg pm,[100.0],['mg'],levodopa pm,,levodopa pm,['pm'],levodopa,[],levodopa,6375,IN,100.0
66,66,levodopa 100 mg 2 tabs each evening,levodopa 100 mg 2 tabs pm,[],,,,,[2],['tabs'],levodopa 100 mg pm,,levodopa 100 mg pm,False,,,,levodopa 100 mg pm,[100.0],['mg'],levodopa pm,,levodopa pm,['pm'],levodopa,[],levodopa,6375,IN,100.0
67,67,levodopa 100 mg 2 tabs after dinner,levodopa 100 mg 2 tabs pm,[],,,,,[2],['tabs'],levodopa 100 mg pm,,levodopa 100 mg pm,False,,,,levodopa 100 mg pm,[100.0],['mg'],levodopa pm,,levodopa pm,['pm'],levodopa,[],levodopa,6375,IN,100.0
68,68,levodopa 100 mg 2 tabs in evening,levodopa 100 mg 2 tabs pm,[],,,,,[2],['tabs'],levodopa 100 mg pm,,levodopa 100 mg pm,False,,,,levodopa 100 mg pm,[100.0],['mg'],levodopa pm,,levodopa pm,['pm'],levodopa,[],levodopa,6375,IN,100.0
69,69,levodopa 100 mg 2 tabs q evening,levodopa 100 mg 2 tabs q pm,[],,,,,[2],['tabs'],levodopa 100 mg q pm,,levodopa 100 mg,False,1.0,1.0,,levodopa 100 mg,[100.0],['mg'],levodopa,,levodopa,,levodopa,[],levodopa,6375,IN,100.0
70,70,levodopa 100 mg 2 tabs in pm,levodopa 100 mg 2 tabs pm,[],,,,,[2],['tabs'],levodopa 100 mg pm,,levodopa 100 mg pm,False,,,,levodopa 100 mg pm,[100.0],['mg'],levodopa pm,,levodopa pm,['pm'],levodopa,[],levodopa,6375,IN,100.0
