raw,replacement,priority,category,notes,Unnamed: 5
\bq\s*(?:12(?:\.0+)?|twelve)\s*(?:m|mo|month|months|monthly)\b,0.002777777777777778,1,frequency,q 12 month,
\bevery\s*(?:12(?:\.0+)?|twelve)\s*(?:m|mo|month|months|monthly)\b,0.002777777777777778,1,frequency,every 12 month,
\bq\s*(?:11(?:\.0+)?|eleven)\s*(?:m|mo|month|months|monthly)\b,0.0030303030303030303,1,frequency,q 11 month,
\bevery\s*(?:11(?:\.0+)?|eleven)\s*(?:m|mo|month|months|monthly)\b,0.0030303030303030303,1,frequency,every 11 month,
\bq\s*(?:10(?:\.0+)?|ten)\s*(?:m|mo|month|months|monthly)\b,0.0033333333333333335,1,frequency,q 10 month,
\bevery\s*(?:10(?:\.0+)?|ten)\s*(?:m|mo|month|months|monthly)\b,0.0033333333333333335,1,frequency,every 10 month,
\bq\s*(?:9(?:\.0+)?|nine)\s*(?:m|mo|month|months|monthly)\b,0.003703703703703704,1,frequency,q 9 month,
\bevery\s*(?:9(?:\.0+)?|nine)\s*(?:m|mo|month|months|monthly)\b,0.003703703703703704,1,frequency,every 9 month,
\bq\s*(?:8(?:\.0+)?|eight)\s*(?:m|mo|month|months|monthly)\b,0.004166666666666667,1,frequency,q 8 month,
\bevery\s*(?:8(?:\.0+)?|eight)\s*(?:m|mo|month|months|monthly)\b,0.004166666666666667,1,frequency,every 8 month,
\bq\s*(?:7(?:\.0+)?|seven)\s*(?:m|mo|month|months|monthly)\b,0.004761904761904762,1,frequency,q 7 month,
\bevery\s*(?:7(?:\.0+)?|seven)\s*(?:m|mo|month|months|monthly)\b,0.004761904761904762,1,frequency,every 7 month,
\bq\s*(?:6(?:\.0+)?|six)\s*(?:m|mo|month|months|monthly)\b,0.005555555555555556,1,frequency,q 6 month,
\bevery\s*(?:6(?:\.0+)?|six)\s*(?:m|mo|month|months|monthly)\b,0.005555555555555556,1,frequency,every 6 month,
\bq\s*(?:5(?:\.0+)?|five)\s*(?:m|mo|month|months|monthly)\b,0.006666666666666667,1,frequency,q 5 month,
\bevery\s*(?:5(?:\.0+)?|five)\s*(?:m|mo|month|months|monthly)\b,0.006666666666666667,1,frequency,every 5 month,
\bq\s*(?:4(?:\.0+)?|four)\s*(?:m|mo|month|months|monthly)\b,0.008333333333333333,1,frequency,q 4 month,
\bevery\s*(?:4(?:\.0+)?|four)\s*(?:m|mo|month|months|monthly)\b,0.008333333333333333,1,frequency,every 4 month,
\bq\s*(?:3(?:\.0+)?|three)\s*(?:m|mo|month|months|monthly)\b,0.011111111111111112,1,frequency,q 3 month,
\bevery\s*(?:3(?:\.0+)?|three)\s*(?:m|mo|month|months|monthly)\b,0.011111111111111112,1,frequency,every 3 month,
\bq\s*(?:12(?:\.0+)?|twelve)\s*(?:w|week|wk|wks|weeks|weekly)\b,0.011904761904761904,1,frequency,q 12 week,
\bevery\s*(?:12(?:\.0+)?|twelve)\s*(?:w|week|wk|wks|weeks|weekly)\b,0.011904761904761904,1,frequency,every 12 week,
\bq\s*(?:11(?:\.0+)?|eleven)\s*(?:w|week|wk|wks|weeks|weekly)\b,0.012987012987012988,1,frequency,q 11 week,
\bevery\s*(?:11(?:\.0+)?|eleven)\s*(?:w|week|wk|wks|weeks|weekly)\b,0.012987012987012988,1,frequency,every 11 week,
\bq\s*(?:10(?:\.0+)?|ten)\s*(?:w|week|wk|wks|weeks|weekly)\b,0.014285714285714285,1,frequency,q 10 week,
\bevery\s*(?:10(?:\.0+)?|ten)\s*(?:w|week|wk|wks|weeks|weekly)\b,0.014285714285714285,1,frequency,every 10 week,
\bq\s*(?:9(?:\.0+)?|nine)\s*(?:w|week|wk|wks|weeks|weekly)\b,0.015873015873015872,1,frequency,q 9 week,
\bevery\s*(?:9(?:\.0+)?|nine)\s*(?:w|week|wk|wks|weeks|weekly)\b,0.015873015873015872,1,frequency,every 9 week,
\bq\s*(?:2(?:\.0+)?|two)\s*(?:m|mo|month|months|monthly)\b,0.016666666666666666,1,frequency,q 2 month,
\bevery\s*(?:2(?:\.0+)?|two)\s*(?:m|mo|month|months|monthly)\b,0.016666666666666666,1,frequency,every 2 month,
\bq\s*(?:8(?:\.0+)?|eight)\s*(?:w|week|wk|wks|weeks|weekly)\b,0.017857142857142856,1,frequency,q 8 week,
\bevery\s*(?:8(?:\.0+)?|eight)\s*(?:w|week|wk|wks|weeks|weekly)\b,0.017857142857142856,1,frequency,every 8 week,
\bq\s*(?:7(?:\.0+)?|seven)\s*(?:w|week|wk|wks|weeks|weekly)\b,0.02040816326530612,1,frequency,q 7 week,
\bevery\s*(?:7(?:\.0+)?|seven)\s*(?:w|week|wk|wks|weeks|weekly)\b,0.02040816326530612,1,frequency,every 7 week,
\bq\s*(?:6(?:\.0+)?|six)\s*(?:w|week|wk|wks|weeks|weekly)\b,0.023809523809523808,1,frequency,q 6 week,
\bevery\s*(?:6(?:\.0+)?|six)\s*(?:w|week|wk|wks|weeks|weekly)\b,0.023809523809523808,1,frequency,every 6 week,
\bq\s*(?:5(?:\.0+)?|five)\s*(?:w|week|wk|wks|weeks|weekly)\b,0.02857142857142857,1,frequency,q 5 week,
\bevery\s*(?:5(?:\.0+)?|five)\s*(?:w|week|wk|wks|weeks|weekly)\b,0.02857142857142857,1,frequency,every 5 week,
\b(?:1(?:\.0+)?|one)\s*(?:(?:x|times?)\s*)?(?:/\s*|same\s*|each\s*|every\s*|per\s*|a\s*)?(?:m|mo|month|months|monthly)\b,0.03333333333333333,1,frequency,1 per month,
\bq\s*(?:1(?:\.0+)?|one)\s*(?:m|mo|month|months|monthly)\b,0.03333333333333333,1,frequency,q 1 month,
\bevery\s*(?:1(?:\.0+)?|one)\s*(?:m|mo|month|months|monthly)\b,0.03333333333333333,1,frequency,every 1 month,
\b(?:1(?:\.0+)?|one)\s*(?:d|day|days)\s*(?:/\s*|per\s*|a\s*|each\s*|in\s*)?\s*(?:m|mo|month|months|monthly)\b,0.03333333333333333,1,frequency,1 days per month,
\bonce\s*(?:/\s*|same\s*each\s*|every\s*|per\s*|a\s*)?(?:m|mo|month|months|monthly)\b,0.03333333333333333,1,frequency,once per month,
\bq\s*(?:4(?:\.0+)?|four)\s*(?:w|week|wk|wks|weeks|weekly)\b,0.03571428571428571,1,frequency,q 4 week,
\bevery\s*(?:4(?:\.0+)?|four)\s*(?:w|week|wk|wks|weeks|weekly)\b,0.03571428571428571,1,frequency,every 4 week,
\bq\s*(?:3(?:\.0+)?|three)\s*(?:w|week|wk|wks|weeks|weekly)\b,0.047619047619047616,1,frequency,q 3 week,
\bevery\s*(?:3(?:\.0+)?|three)\s*(?:w|week|wk|wks|weeks|weekly)\b,0.047619047619047616,1,frequency,every 3 week,
\b(?:2(?:\.0+)?|two)\s*(?:(?:x|times?)\s*)?(?:/\s*|same\s*|each\s*|every\s*|per\s*|a\s*)?(?:m|mo|month|months|monthly)\b,0.06666666666666667,1,frequency,2 per month,
\b(?:2(?:\.0+)?|two)\s*(?:d|day|days)\s*(?:/\s*|per\s*|a\s*|each\s*|in\s*)?\s*(?:m|mo|month|months|monthly)\b,0.06666666666666667,1,frequency,2 days per month,
\btwice\s*(?:/\s*|same\s*each\s*|every\s*|per\s*|a\s*)?(?:m|mo|month|months|monthly)\b,0.06666666666666667,1,frequency,twice per month,
\bq\s*(?:2(?:\.0+)?|two)\s*(?:w|week|wk|wks|weeks|weekly)\b,0.07142857142857142,1,frequency,q 2 week,
\bevery\s*(?:2(?:\.0+)?|two)\s*(?:w|week|wk|wks|weeks|weekly)\b,0.07142857142857142,1,frequency,every 2 week,
\bq\s*(?:12(?:\.0+)?|twelve)\s*(?:d|day|daily|day|24\s*(?:hours?|hrs?|h))\b,0.08333333333333333,1,frequency,q 12 day,
\bevery\s*(?:12(?:\.0+)?|twelve)\s*(?:d|day|daily|day|24\s*(?:hours?|hrs?|h))\b,0.08333333333333333,1,frequency,every 12 day,
\bq\s*(?:11(?:\.0+)?|eleven)\s*(?:d|day|daily|day|24\s*(?:hours?|hrs?|h))\b,0.09090909090909091,1,frequency,q 11 day,
\bevery\s*(?:11(?:\.0+)?|eleven)\s*(?:d|day|daily|day|24\s*(?:hours?|hrs?|h))\b,0.09090909090909091,1,frequency,every 11 day,
\b(?:3(?:\.0+)?|three)\s*(?:(?:x|times?)\s*)?(?:/\s*|same\s*|each\s*|every\s*|per\s*|a\s*)?(?:m|mo|month|months|monthly)\b,0.1,1,frequency,3 per month,
\bq\s*(?:10(?:\.0+)?|ten)\s*(?:d|day|daily|day|24\s*(?:hours?|hrs?|h))\b,0.1,1,frequency,q 10 day,
\bevery\s*(?:10(?:\.0+)?|ten)\s*(?:d|day|daily|day|24\s*(?:hours?|hrs?|h))\b,0.1,1,frequency,every 10 day,
\b(?:3(?:\.0+)?|three)\s*(?:d|day|days)\s*(?:/\s*|per\s*|a\s*|each\s*|in\s*)?\s*(?:m|mo|month|months|monthly)\b,0.1,1,frequency,3 days per month,
\bq\s*(?:9(?:\.0+)?|nine)\s*(?:d|day|daily|day|24\s*(?:hours?|hrs?|h))\b,0.1111111111111111,1,frequency,q 9 day,
\bevery\s*(?:9(?:\.0+)?|nine)\s*(?:d|day|daily|day|24\s*(?:hours?|hrs?|h))\b,0.1111111111111111,1,frequency,every 9 day,
\bq\s*(?:8(?:\.0+)?|eight)\s*(?:d|day|daily|day|24\s*(?:hours?|hrs?|h))\b,0.125,1,frequency,q 8 day,
\bevery\s*(?:8(?:\.0+)?|eight)\s*(?:d|day|daily|day|24\s*(?:hours?|hrs?|h))\b,0.125,1,frequency,every 8 day,
\b(?:4(?:\.0+)?|four)\s*(?:(?:x|times?)\s*)?(?:/\s*|same\s*|each\s*|every\s*|per\s*|a\s*)?(?:m|mo|month|months|monthly)\b,0.13333333333333333,1,frequency,4 per month,
\b(?:4(?:\.0+)?|four)\s*(?:d|day|days)\s*(?:/\s*|per\s*|a\s*|each\s*|in\s*)?\s*(?:m|mo|month|months|monthly)\b,0.13333333333333333,1,frequency,4 days per month,
\b(?:1(?:\.0+)?|one)\s*(?:(?:x|times?)\s*)?(?:/\s*|same\s*|each\s*|every\s*|per\s*|a\s*)?(?:w|week|wk|wks|weeks|weekly)\b,0.14285714285714285,1,frequency,1 per week,
\bq\s*(?:1(?:\.0+)?|one)\s*(?:w|week|wk|wks|weeks|weekly)\b,0.14285714285714285,1,frequency,q 1 week,
\bq\s*(?:7(?:\.0+)?|seven)\s*(?:d|day|daily|day|24\s*(?:hours?|hrs?|h))\b,0.14285714285714285,1,frequency,q 7 day,
\bevery\s*(?:1(?:\.0+)?|one)\s*(?:w|week|wk|wks|weeks|weekly)\b,0.14285714285714285,1,frequency,every 1 week,
\bevery\s*(?:7(?:\.0+)?|seven)\s*(?:d|day|daily|day|24\s*(?:hours?|hrs?|h))\b,0.14285714285714285,1,frequency,every 7 day,
\b(?:1(?:\.0+)?|one)\s*(?:d|day|days)\s*(?:/\s*|per\s*|a\s*|each\s*|in\s*)?\s*(?:w|week|wk|wks|weeks|weekly)\b,0.14285714285714285,1,frequency,1 days per week,
\bonce\s*(?:/\s*|same\s*each\s*|every\s*|per\s*|a\s*)?(?:w|week|wk|wks|weeks|weekly)\b,0.14285714285714285,1,frequency,once per week,
\b(?:5(?:\.0+)?|five)\s*(?:(?:x|times?)\s*)?(?:/\s*|same\s*|each\s*|every\s*|per\s*|a\s*)?(?:m|mo|month|months|monthly)\b,0.16666666666666666,1,frequency,5 per month,
\bq\s*(?:6(?:\.0+)?|six)\s*(?:d|day|daily|day|24\s*(?:hours?|hrs?|h))\b,0.16666666666666666,1,frequency,q 6 day,
\bevery\s*(?:6(?:\.0+)?|six)\s*(?:d|day|daily|day|24\s*(?:hours?|hrs?|h))\b,0.16666666666666666,1,frequency,every 6 day,
\b(?:5(?:\.0+)?|five)\s*(?:d|day|days)\s*(?:/\s*|per\s*|a\s*|each\s*|in\s*)?\s*(?:m|mo|month|months|monthly)\b,0.16666666666666666,1,frequency,5 days per month,
\bq\s*(?:5(?:\.0+)?|five)\s*(?:d|day|daily|day|24\s*(?:hours?|hrs?|h))\b,0.2,1,frequency,q 5 day,
\b(?:6(?:\.0+)?|six)\s*(?:(?:x|times?)\s*)?(?:/\s*|same\s*|each\s*|every\s*|per\s*|a\s*)?(?:m|mo|month|months|monthly)\b,0.2,1,frequency,6 per month,
\bevery\s*(?:5(?:\.0+)?|five)\s*(?:d|day|daily|day|24\s*(?:hours?|hrs?|h))\b,0.2,1,frequency,every 5 day,
\b(?:6(?:\.0+)?|six)\s*(?:d|day|days)\s*(?:/\s*|per\s*|a\s*|each\s*|in\s*)?\s*(?:m|mo|month|months|monthly)\b,0.2,1,frequency,6 days per month,
\b(?:7(?:\.0+)?|seven)\s*(?:(?:x|times?)\s*)?(?:/\s*|same\s*|each\s*|every\s*|per\s*|a\s*)?(?:m|mo|month|months|monthly)\b,0.23333333333333334,1,frequency,7 per month,
\b(?:7(?:\.0+)?|seven)\s*(?:d|day|days)\s*(?:/\s*|per\s*|a\s*|each\s*|in\s*)?\s*(?:m|mo|month|months|monthly)\b,0.23333333333333334,1,frequency,7 days per month,
\bq\s*(?:4(?:\.0+)?|four)\s*(?:d|day|daily|day|24\s*(?:hours?|hrs?|h))\b,0.25,1,frequency,q 4 day,
\bevery\s*(?:4(?:\.0+)?|four)\s*(?:d|day|daily|day|24\s*(?:hours?|hrs?|h))\b,0.25,1,frequency,every 4 day,
\b(?:8(?:\.0+)?|eight)\s*(?:(?:x|times?)\s*)?(?:/\s*|same\s*|each\s*|every\s*|per\s*|a\s*)?(?:m|mo|month|months|monthly)\b,0.26666666666666666,1,frequency,8 per month,
\b(?:8(?:\.0+)?|eight)\s*(?:d|day|days)\s*(?:/\s*|per\s*|a\s*|each\s*|in\s*)?\s*(?:m|mo|month|months|monthly)\b,0.26666666666666666,1,frequency,8 days per month,
\b(?:2(?:\.0+)?|two)\s*(?:(?:x|times?)\s*)?(?:/\s*|same\s*|each\s*|every\s*|per\s*|a\s*)?(?:w|week|wk|wks|weeks|weekly)\b,0.2857142857142857,1,frequency,2 per week,
\b(?:2(?:\.0+)?|two)\s*(?:d|day|days)\s*(?:/\s*|per\s*|a\s*|each\s*|in\s*)?\s*(?:w|week|wk|wks|weeks|weekly)\b,0.2857142857142857,1,frequency,2 days per week,
\btwice\s*(?:/\s*|same\s*each\s*|every\s*|per\s*|a\s*)?(?:w|week|wk|wks|weeks|weekly)\b,0.2857142857142857,1,frequency,twice per week,
\b(?:9(?:\.0+)?|nine)\s*(?:(?:x|times?)\s*)?(?:/\s*|same\s*|each\s*|every\s*|per\s*|a\s*)?(?:m|mo|month|months|monthly)\b,0.3,1,frequency,9 per month,
\b(?:9(?:\.0+)?|nine)\s*(?:d|day|days)\s*(?:/\s*|per\s*|a\s*|each\s*|in\s*)?\s*(?:m|mo|month|months|monthly)\b,0.3,1,frequency,9 days per month,
\bq\s*(?:3(?:\.0+)?|three)\s*(?:d|day|daily|day|24\s*(?:hours?|hrs?|h))\b,0.3333333333333333,1,frequency,q 3 day,
\b(?:10(?:\.0+)?|ten)\s*(?:(?:x|times?)\s*)?(?:/\s*|same\s*|each\s*|every\s*|per\s*|a\s*)?(?:m|mo|month|months|monthly)\b,0.3333333333333333,1,frequency,10 per month,
\bevery\s*(?:3(?:\.0+)?|three)\s*(?:d|day|daily|day|24\s*(?:hours?|hrs?|h))\b,0.3333333333333333,1,frequency,every 3 day,
\b(?:10(?:\.0+)?|ten)\s*(?:d|day|days)\s*(?:/\s*|per\s*|a\s*|each\s*|in\s*)?\s*(?:m|mo|month|months|monthly)\b,0.3333333333333333,1,frequency,10 days per month,
\b(?:11(?:\.0+)?|eleven)\s*(?:(?:x|times?)\s*)?(?:/\s*|same\s*|each\s*|every\s*|per\s*|a\s*)?(?:m|mo|month|months|monthly)\b,0.36666666666666664,1,frequency,11 per month,
\b(?:11(?:\.0+)?|eleven)\s*(?:d|day|days)\s*(?:/\s*|per\s*|a\s*|each\s*|in\s*)?\s*(?:m|mo|month|months|monthly)\b,0.36666666666666664,1,frequency,11 days per month,
\b(?:12(?:\.0+)?|twelve)\s*(?:(?:x|times?)\s*)?(?:/\s*|same\s*|each\s*|every\s*|per\s*|a\s*)?(?:m|mo|month|months|monthly)\b,0.4,1,frequency,12 per month,
\b(?:12(?:\.0+)?|twelve)\s*(?:d|day|days)\s*(?:/\s*|per\s*|a\s*|each\s*|in\s*)?\s*(?:m|mo|month|months|monthly)\b,0.4,1,frequency,12 days per month,
\b(?:3(?:\.0+)?|three)\s*(?:(?:x|times?)\s*)?(?:/\s*|same\s*|each\s*|every\s*|per\s*|a\s*)?(?:w|week|wk|wks|weeks|weekly)\b,0.42857142857142855,1,frequency,3 per week,
\b(?:3(?:\.0+)?|three)\s*(?:d|day|days)\s*(?:/\s*|per\s*|a\s*|each\s*|in\s*)?\s*(?:w|week|wk|wks|weeks|weekly)\b,0.42857142857142855,1,frequency,3 days per week,
\bq\s*(?:2(?:\.0+)?|two)\s*(?:d|day|daily|day|24\s*(?:hours?|hrs?|h))\b,0.5,1,frequency,q 2 day,
\bevery\s*(?:2(?:\.0+)?|two)\s*(?:d|day|daily|day|24\s*(?:hours?|hrs?|h))\b,0.5,1,frequency,every 2 day,
\b(?:4(?:\.0+)?|four)\s*(?:(?:x|times?)\s*)?(?:/\s*|same\s*|each\s*|every\s*|per\s*|a\s*)?(?:w|week|wk|wks|weeks|weekly)\b,0.5714285714285714,1,frequency,4 per week,
\b(?:4(?:\.0+)?|four)\s*(?:d|day|days)\s*(?:/\s*|per\s*|a\s*|each\s*|in\s*)?\s*(?:w|week|wk|wks|weeks|weekly)\b,0.5714285714285714,1,frequency,4 days per week,
\b(?:5(?:\.0+)?|five)\s*(?:(?:x|times?)\s*)?(?:/\s*|same\s*|each\s*|every\s*|per\s*|a\s*)?(?:w|week|wk|wks|weeks|weekly)\b,0.7142857142857143,1,frequency,5 per week,
\b(?:5(?:\.0+)?|five)\s*(?:d|day|days)\s*(?:/\s*|per\s*|a\s*|each\s*|in\s*)?\s*(?:w|week|wk|wks|weeks|weekly)\b,0.7142857142857143,1,frequency,5 days per week,
\b(?:6(?:\.0+)?|six)\s*(?:(?:x|times?)\s*)?(?:/\s*|same\s*|each\s*|every\s*|per\s*|a\s*)?(?:w|week|wk|wks|weeks|weekly)\b,0.8571428571428571,1,frequency,6 per week,
\b(?:6(?:\.0+)?|six)\s*(?:d|day|days)\s*(?:/\s*|per\s*|a\s*|each\s*|in\s*)?\s*(?:w|week|wk|wks|weeks|weekly)\b,0.8571428571428571,1,frequency,6 days per week,
\b(?:1(?:\.0+)?|one)\s*(?:(?:x|times?)\s*)?(?:/\s*|same\s*|each\s*|every\s*|per\s*|a\s*)?(?:d|day|daily|day|24\s*(?:hours?|hrs?|h))\b,1.0,1,frequency,1 per day,
\bq\s*(?:1(?:\.0+)?|one)\s*(?:d|day|daily|day|24\s*(?:hours?|hrs?|h))\b,1.0,1,frequency,q 1 day,
\b(?:7(?:\.0+)?|seven)\s*(?:(?:x|times?)\s*)?(?:/\s*|same\s*|each\s*|every\s*|per\s*|a\s*)?(?:w|week|wk|wks|weeks|weekly)\b,1.0,1,frequency,7 per week,
\bevery\s*(?:1(?:\.0+)?|one)\s*(?:d|day|daily|day|24\s*(?:hours?|hrs?|h))\b,1.0,1,frequency,every 1 day,
\b(?:7(?:\.0+)?|seven)\s*(?:d|day|days)\s*(?:/\s*|per\s*|a\s*|each\s*|in\s*)?\s*(?:w|week|wk|wks|weeks|weekly)\b,1.0,1,frequency,7 days per week,
\bonce\s*(?:/\s*|same\s*each\s*|every\s*|per\s*|a\s*)?(?:d|day|daily|day|24\s*(?:hours?|hrs?|h))\b,1.0,1,frequency,once per day,
\b(?:8(?:\.0+)?|eight)\s*(?:(?:x|times?)\s*)?(?:/\s*|same\s*|each\s*|every\s*|per\s*|a\s*)?(?:w|week|wk|wks|weeks|weekly)\b,1.1428571428571428,1,frequency,8 per week,
\b(?:8(?:\.0+)?|eight)\s*(?:d|day|days)\s*(?:/\s*|per\s*|a\s*|each\s*|in\s*)?\s*(?:w|week|wk|wks|weeks|weekly)\b,1.1428571428571428,1,frequency,8 days per week,
\b(?:9(?:\.0+)?|nine)\s*(?:(?:x|times?)\s*)?(?:/\s*|same\s*|each\s*|every\s*|per\s*|a\s*)?(?:w|week|wk|wks|weeks|weekly)\b,1.2857142857142858,1,frequency,9 per week,
\b(?:9(?:\.0+)?|nine)\s*(?:d|day|days)\s*(?:/\s*|per\s*|a\s*|each\s*|in\s*)?\s*(?:w|week|wk|wks|weeks|weekly)\b,1.2857142857142858,1,frequency,9 days per week,
\b(?:10(?:\.0+)?|ten)\s*(?:(?:x|times?)\s*)?(?:/\s*|same\s*|each\s*|every\s*|per\s*|a\s*)?(?:w|week|wk|wks|weeks|weekly)\b,1.4285714285714286,1,frequency,10 per week,
\b(?:10(?:\.0+)?|ten)\s*(?:d|day|days)\s*(?:/\s*|per\s*|a\s*|each\s*|in\s*)?\s*(?:w|week|wk|wks|weeks|weekly)\b,1.4285714285714286,1,frequency,10 days per week,
\b(?:11(?:\.0+)?|eleven)\s*(?:(?:x|times?)\s*)?(?:/\s*|same\s*|each\s*|every\s*|per\s*|a\s*)?(?:w|week|wk|wks|weeks|weekly)\b,1.5714285714285714,1,frequency,11 per week,
\b(?:11(?:\.0+)?|eleven)\s*(?:d|day|days)\s*(?:/\s*|per\s*|a\s*|each\s*|in\s*)?\s*(?:w|week|wk|wks|weeks|weekly)\b,1.5714285714285714,1,frequency,11 days per week,
\b(?:12(?:\.0+)?|twelve)\s*(?:(?:x|times?)\s*)?(?:/\s*|same\s*|each\s*|every\s*|per\s*|a\s*)?(?:w|week|wk|wks|weeks|weekly)\b,1.7142857142857142,1,frequency,12 per week,
\b(?:12(?:\.0+)?|twelve)\s*(?:d|day|days)\s*(?:/\s*|per\s*|a\s*|each\s*|in\s*)?\s*(?:w|week|wk|wks|weeks|weekly)\b,1.7142857142857142,1,frequency,12 days per week,
\b(?:2(?:\.0+)?|two)\s*(?:(?:x|times?)\s*)?(?:/\s*|same\s*|each\s*|every\s*|per\s*|a\s*)?(?:d|day|daily|day|24\s*(?:hours?|hrs?|h))\b,2.0,1,frequency,2 per day,
\btwice\s*(?:/\s*|same\s*each\s*|every\s*|per\s*|a\s*)?(?:d|day|daily|day|24\s*(?:hours?|hrs?|h))\b,2.0,1,frequency,twice per day,
\b(?:3(?:\.0+)?|three)\s*(?:(?:x|times?)\s*)?(?:/\s*|same\s*|each\s*|every\s*|per\s*|a\s*)?(?:d|day|daily|day|24\s*(?:hours?|hrs?|h))\b,3.0,1,frequency,3 per day,
\b(?:4(?:\.0+)?|four)\s*(?:(?:x|times?)\s*)?(?:/\s*|same\s*|each\s*|every\s*|per\s*|a\s*)?(?:d|day|daily|day|24\s*(?:hours?|hrs?|h))\b,4.0,1,frequency,4 per day,
\b(?:5(?:\.0+)?|five)\s*(?:(?:x|times?)\s*)?(?:/\s*|same\s*|each\s*|every\s*|per\s*|a\s*)?(?:d|day|daily|day|24\s*(?:hours?|hrs?|h))\b,5.0,1,frequency,5 per day,
\b(?:6(?:\.0+)?|six)\s*(?:(?:x|times?)\s*)?(?:/\s*|same\s*|each\s*|every\s*|per\s*|a\s*)?(?:d|day|daily|day|24\s*(?:hours?|hrs?|h))\b,6.0,1,frequency,6 per day,
\b(?:7(?:\.0+)?|seven)\s*(?:(?:x|times?)\s*)?(?:/\s*|same\s*|each\s*|every\s*|per\s*|a\s*)?(?:d|day|daily|day|24\s*(?:hours?|hrs?|h))\b,7.0,1,frequency,7 per day,
\b(?:8(?:\.0+)?|eight)\s*(?:(?:x|times?)\s*)?(?:/\s*|same\s*|each\s*|every\s*|per\s*|a\s*)?(?:d|day|daily|day|24\s*(?:hours?|hrs?|h))\b,8.0,1,frequency,8 per day,
\b(?:9(?:\.0+)?|nine)\s*(?:(?:x|times?)\s*)?(?:/\s*|same\s*|each\s*|every\s*|per\s*|a\s*)?(?:d|day|daily|day|24\s*(?:hours?|hrs?|h))\b,9.0,1,frequency,9 per day,
\b(?:10(?:\.0+)?|ten)\s*(?:(?:x|times?)\s*)?(?:/\s*|same\s*|each\s*|every\s*|per\s*|a\s*)?(?:d|day|daily|day|24\s*(?:hours?|hrs?|h))\b,10.0,1,frequency,10 per day,
\b(?:11(?:\.0+)?|eleven)\s*(?:(?:x|times?)\s*)?(?:/\s*|same\s*|each\s*|every\s*|per\s*|a\s*)?(?:d|day|daily|day|24\s*(?:hours?|hrs?|h))\b,11.0,1,frequency,11 per day,
\b(?:12(?:\.0+)?|twelve)\s*(?:(?:x|times?)\s*)?(?:/\s*|same\s*|each\s*|every\s*|per\s*|a\s*)?(?:d|day|daily|day|24\s*(?:hours?|hrs?|h))\b,12.0,1,frequency,12 per day,
\bevery other month\b,0.016666667,1,frequency,,
\bqmonth\b,0.033333333,1,frequency,,
\bevery other week\b,0.071428571,1,frequency,,
\bq\s*(?:w|wk|week)\b,0.142857143,1,frequency,,
\bweekly\b,0.142857143,1,frequency,weekly,
\bevery 4th day\b,0.25,1,frequency,,
\b(?:biw|biweekly)\b,0.285714286,1,frequency,biw,
\bevery 3rd day\b,0.333333333,1,frequency,,
\btiw\b,0.428571429,1,frequency,,
\b(?:every other day|qod|every other night)\b,0.5,1,frequency,,
\b(?:once\s*(?:daily|a\s*day|per\s*day|every\s*day|each\s*day))\b,1,1,frequency,once daily,
\b(?:every\s*24\s*(?:hours?|hrs?)|q24h|q24)\b,1,1,frequency,,
\b(?:q\.?\s*d\.?|od|q24h|q24)\b,1,1,frequency,,
\bq\s*/?\s*(?:day|d)\b,1,1,frequency,,
\bqam\b,1,1,frequency,,
\bq am\b,1,1,frequency,,
\bq pm\b,1,1,frequency,,
\bonce\s*(a|per)?\s*day\b,1,1,frequency,once daily,
\b1\s*(x|times?)?\s*(/|per|a)?\s*day\b,1,1,frequency,once daily,
\b1\s*/\s*day\b,1,1,frequency,once daily,
\b1\s*per\s*day\b,1,1,frequency,once daily,
\bevery morning\b,1,1,frequency,,
\bevery evening\b,1,1,frequency,,
\bat hour of sleep\b,1,1,frequency,,
\bq\s*a\.?\s*m\.?\b,1,1,frequency,1x/day,
\bq\s*p\.?\s*m\.?\b,1,1,frequency,1x/day,
\bq\s*h\.?\s*s\.?\b,1,1,frequency,1x/day,
\bq-day\b,1,1,frequency,,
\b(?:10(?:\.0+)?|ten)\s*(?:(?:x|times?)\s*)?(?:/\s*|same\s*|each\s*|every\s*|per\s*|a\s*)?(?:h|hr|hour|hours|hrs)\b,10x/hour,1,frequency,10 per hour,
\b(?:10(?:\.0+)?|ten)\s*(?:d|day|days)\s*(?:/\s*|per\s*|a\s*|each\s*|in\s*)?\s*(?:h|hr|hour|hours|hrs)\b,10x/hour,1,frequency,10 days per hour,
\b(?:10(?:\.0+)?|ten)\s*(?:(?:x|times?)\s*)?(?:/\s*|same\s*|each\s*|every\s*|per\s*|a\s*)?(?:y|yr|year|yearly|annually)\b,10x/year,1,frequency,10 per year,
\b(?:10(?:\.0+)?|ten)\s*(?:d|day|days)\s*(?:/\s*|per\s*|a\s*|each\s*|in\s*)?\s*(?:y|yr|year|yearly|annually)\b,10x/year,1,frequency,10 days per year,
\b(?:11(?:\.0+)?|eleven)\s*(?:(?:x|times?)\s*)?(?:/\s*|same\s*|each\s*|every\s*|per\s*|a\s*)?(?:h|hr|hour|hours|hrs)\b,11x/hour,1,frequency,11 per hour,
\b(?:11(?:\.0+)?|eleven)\s*(?:d|day|days)\s*(?:/\s*|per\s*|a\s*|each\s*|in\s*)?\s*(?:h|hr|hour|hours|hrs)\b,11x/hour,1,frequency,11 days per hour,
\b(?:11(?:\.0+)?|eleven)\s*(?:(?:x|times?)\s*)?(?:/\s*|same\s*|each\s*|every\s*|per\s*|a\s*)?(?:y|yr|year|yearly|annually)\b,11x/year,1,frequency,11 per year,
\b(?:11(?:\.0+)?|eleven)\s*(?:d|day|days)\s*(?:/\s*|per\s*|a\s*|each\s*|in\s*)?\s*(?:y|yr|year|yearly|annually)\b,11x/year,1,frequency,11 days per year,
\b(?:12(?:\.0+)?|twelve)\s*(?:(?:x|times?)\s*)?(?:/\s*|same\s*|each\s*|every\s*|per\s*|a\s*)?(?:h|hr|hour|hours|hrs)\b,12x/hour,1,frequency,12 per hour,
\b(?:12(?:\.0+)?|twelve)\s*(?:d|day|days)\s*(?:/\s*|per\s*|a\s*|each\s*|in\s*)?\s*(?:h|hr|hour|hours|hrs)\b,12x/hour,1,frequency,12 days per hour,
\b(?:12(?:\.0+)?|twelve)\s*(?:(?:x|times?)\s*)?(?:/\s*|same\s*|each\s*|every\s*|per\s*|a\s*)?(?:y|yr|year|yearly|annually)\b,12x/year,1,frequency,12 per year,
\b(?:12(?:\.0+)?|twelve)\s*(?:d|day|days)\s*(?:/\s*|per\s*|a\s*|each\s*|in\s*)?\s*(?:y|yr|year|yearly|annually)\b,12x/year,1,frequency,12 days per year,
\bonce\b,1x,1,frequency,once (no unit),
\b(?:1(?:\.0+)?|one)\s*(?:(?:x|times?)\s*)?(?:/\s*|same\s*|each\s*|every\s*|per\s*|a\s*)?(?:h|hr|hour|hours|hrs)\b,1x/hour,1,frequency,1 per hour,
\b(?:1(?:\.0+)?|one)\s*(?:d|day|days)\s*(?:/\s*|per\s*|a\s*|each\s*|in\s*)?\s*(?:h|hr|hour|hours|hrs)\b,1x/hour,1,frequency,1 days per hour,
\bonce\s*(?:/\s*|same\s*each\s*|every\s*|per\s*|a\s*)?(?:h|hr|hour|hours|hrs)\b,1x/hour,1,frequency,once per hour,
\b(?:1(?:\.0+)?|one)\s*(?:(?:x|times?)\s*)?(?:/\s*|same\s*|each\s*|every\s*|per\s*|a\s*)?(?:y|yr|year|yearly|annually)\b,1x/year,1,frequency,1 per year,
\b(?:1(?:\.0+)?|one)\s*(?:d|day|days)\s*(?:/\s*|per\s*|a\s*|each\s*|in\s*)?\s*(?:y|yr|year|yearly|annually)\b,1x/year,1,frequency,1 days per year,
\bonce\s*(?:/\s*|same\s*each\s*|every\s*|per\s*|a\s*)?(?:y|yr|year|yearly|annually)\b,1x/year,1,frequency,once per year,
\bb[\.\s]*i?[\.\s]*d\b,2,1,frequency,bid,
\btwice\s*(?:daily|a day|per day)\b,2,1,frequency,,
\b2x\s*/?\s*d\b,2,1,frequency,2x/day,
\btwice same day\b,2,1,frequency,,
\btwice\b,2x,1,frequency,twice (no unit),
\b(?:2(?:\.0+)?|two)\s*(?:(?:x|times?)\s*)?(?:/\s*|same\s*|each\s*|every\s*|per\s*|a\s*)?(?:h|hr|hour|hours|hrs)\b,2x/hour,1,frequency,2 per hour,
\b(?:2(?:\.0+)?|two)\s*(?:d|day|days)\s*(?:/\s*|per\s*|a\s*|each\s*|in\s*)?\s*(?:h|hr|hour|hours|hrs)\b,2x/hour,1,frequency,2 days per hour,
\btwice\s*(?:/\s*|same\s*each\s*|every\s*|per\s*|a\s*)?(?:h|hr|hour|hours|hrs)\b,2x/hour,1,frequency,twice per hour,
\b(?:2(?:\.0+)?|two)\s*(?:(?:x|times?)\s*)?(?:/\s*|same\s*|each\s*|every\s*|per\s*|a\s*)?(?:y|yr|year|yearly|annually)\b,2x/year,1,frequency,2 per year,
\b(?:2(?:\.0+)?|two)\s*(?:d|day|days)\s*(?:/\s*|per\s*|a\s*|each\s*|in\s*)?\s*(?:y|yr|year|yearly|annually)\b,2x/year,1,frequency,2 days per year,
\btwice\s*(?:/\s*|same\s*each\s*|every\s*|per\s*|a\s*)?(?:y|yr|year|yearly|annually)\b,2x/year,1,frequency,twice per year,
\btid\b,3,1,frequency,tid,
\b3x\s*/?\s*d\b,3,1,frequency,3x/day,
\b(?:3(?:\.0+)?|three)\s*(?:(?:x|times?)\s*)?(?:/\s*|same\s*|each\s*|every\s*|per\s*|a\s*)?(?:h|hr|hour|hours|hrs)\b,3x/hour,1,frequency,3 per hour,
\b(?:3(?:\.0+)?|three)\s*(?:d|day|days)\s*(?:/\s*|per\s*|a\s*|each\s*|in\s*)?\s*(?:h|hr|hour|hours|hrs)\b,3x/hour,1,frequency,3 days per hour,
\b(?:3(?:\.0+)?|three)\s*(?:(?:x|times?)\s*)?(?:/\s*|same\s*|each\s*|every\s*|per\s*|a\s*)?(?:y|yr|year|yearly|annually)\b,3x/year,1,frequency,3 per year,
\b(?:3(?:\.0+)?|three)\s*(?:d|day|days)\s*(?:/\s*|per\s*|a\s*|each\s*|in\s*)?\s*(?:y|yr|year|yearly|annually)\b,3x/year,1,frequency,3 days per year,
\bqid\b,4,1,frequency,qid,
\b4x\s*/?\s*d\b,4,1,frequency,4x/day,
\b(?:4(?:\.0+)?|four)\s*(?:(?:x|times?)\s*)?(?:/\s*|same\s*|each\s*|every\s*|per\s*|a\s*)?(?:h|hr|hour|hours|hrs)\b,4x/hour,1,frequency,4 per hour,
\b(?:4(?:\.0+)?|four)\s*(?:d|day|days)\s*(?:/\s*|per\s*|a\s*|each\s*|in\s*)?\s*(?:h|hr|hour|hours|hrs)\b,4x/hour,1,frequency,4 days per hour,
\b(?:4(?:\.0+)?|four)\s*(?:(?:x|times?)\s*)?(?:/\s*|same\s*|each\s*|every\s*|per\s*|a\s*)?(?:y|yr|year|yearly|annually)\b,4x/year,1,frequency,4 per year,
\b(?:4(?:\.0+)?|four)\s*(?:d|day|days)\s*(?:/\s*|per\s*|a\s*|each\s*|in\s*)?\s*(?:y|yr|year|yearly|annually)\b,4x/year,1,frequency,4 days per year,
\b(?:5(?:\.0+)?|five)\s*(?:(?:x|times?)\s*)?(?:/\s*|same\s*|each\s*|every\s*|per\s*|a\s*)?(?:h|hr|hour|hours|hrs)\b,5x/hour,1,frequency,5 per hour,
\b(?:5(?:\.0+)?|five)\s*(?:d|day|days)\s*(?:/\s*|per\s*|a\s*|each\s*|in\s*)?\s*(?:h|hr|hour|hours|hrs)\b,5x/hour,1,frequency,5 days per hour,
\b(?:5(?:\.0+)?|five)\s*(?:(?:x|times?)\s*)?(?:/\s*|same\s*|each\s*|every\s*|per\s*|a\s*)?(?:y|yr|year|yearly|annually)\b,5x/year,1,frequency,5 per year,
\b(?:5(?:\.0+)?|five)\s*(?:d|day|days)\s*(?:/\s*|per\s*|a\s*|each\s*|in\s*)?\s*(?:y|yr|year|yearly|annually)\b,5x/year,1,frequency,5 days per year,
\b(?:6(?:\.0+)?|six)\s*(?:(?:x|times?)\s*)?(?:/\s*|same\s*|each\s*|every\s*|per\s*|a\s*)?(?:h|hr|hour|hours|hrs)\b,6x/hour,1,frequency,6 per hour,
\b(?:6(?:\.0+)?|six)\s*(?:d|day|days)\s*(?:/\s*|per\s*|a\s*|each\s*|in\s*)?\s*(?:h|hr|hour|hours|hrs)\b,6x/hour,1,frequency,6 days per hour,
\b(?:6(?:\.0+)?|six)\s*(?:(?:x|times?)\s*)?(?:/\s*|same\s*|each\s*|every\s*|per\s*|a\s*)?(?:y|yr|year|yearly|annually)\b,6x/year,1,frequency,6 per year,
\b(?:6(?:\.0+)?|six)\s*(?:d|day|days)\s*(?:/\s*|per\s*|a\s*|each\s*|in\s*)?\s*(?:y|yr|year|yearly|annually)\b,6x/year,1,frequency,6 days per year,
\b(?:7(?:\.0+)?|seven)\s*(?:(?:x|times?)\s*)?(?:/\s*|same\s*|each\s*|every\s*|per\s*|a\s*)?(?:h|hr|hour|hours|hrs)\b,7x/hour,1,frequency,7 per hour,
\b(?:7(?:\.0+)?|seven)\s*(?:d|day|days)\s*(?:/\s*|per\s*|a\s*|each\s*|in\s*)?\s*(?:h|hr|hour|hours|hrs)\b,7x/hour,1,frequency,7 days per hour,
\b(?:7(?:\.0+)?|seven)\s*(?:(?:x|times?)\s*)?(?:/\s*|same\s*|each\s*|every\s*|per\s*|a\s*)?(?:y|yr|year|yearly|annually)\b,7x/year,1,frequency,7 per year,
\b(?:7(?:\.0+)?|seven)\s*(?:d|day|days)\s*(?:/\s*|per\s*|a\s*|each\s*|in\s*)?\s*(?:y|yr|year|yearly|annually)\b,7x/year,1,frequency,7 days per year,
\b(?:8(?:\.0+)?|eight)\s*(?:(?:x|times?)\s*)?(?:/\s*|same\s*|each\s*|every\s*|per\s*|a\s*)?(?:h|hr|hour|hours|hrs)\b,8x/hour,1,frequency,8 per hour,
\b(?:8(?:\.0+)?|eight)\s*(?:d|day|days)\s*(?:/\s*|per\s*|a\s*|each\s*|in\s*)?\s*(?:h|hr|hour|hours|hrs)\b,8x/hour,1,frequency,8 days per hour,
\b(?:8(?:\.0+)?|eight)\s*(?:(?:x|times?)\s*)?(?:/\s*|same\s*|each\s*|every\s*|per\s*|a\s*)?(?:y|yr|year|yearly|annually)\b,8x/year,1,frequency,8 per year,
\b(?:8(?:\.0+)?|eight)\s*(?:d|day|days)\s*(?:/\s*|per\s*|a\s*|each\s*|in\s*)?\s*(?:y|yr|year|yearly|annually)\b,8x/year,1,frequency,8 days per year,
\b(?:9(?:\.0+)?|nine)\s*(?:(?:x|times?)\s*)?(?:/\s*|same\s*|each\s*|every\s*|per\s*|a\s*)?(?:h|hr|hour|hours|hrs)\b,9x/hour,1,frequency,9 per hour,
\b(?:9(?:\.0+)?|nine)\s*(?:d|day|days)\s*(?:/\s*|per\s*|a\s*|each\s*|in\s*)?\s*(?:h|hr|hour|hours|hrs)\b,9x/hour,1,frequency,9 days per hour,
\b(?:9(?:\.0+)?|nine)\s*(?:(?:x|times?)\s*)?(?:/\s*|same\s*|each\s*|every\s*|per\s*|a\s*)?(?:y|yr|year|yearly|annually)\b,9x/year,1,frequency,9 per year,
\b(?:9(?:\.0+)?|nine)\s*(?:d|day|days)\s*(?:/\s*|per\s*|a\s*|each\s*|in\s*)?\s*(?:y|yr|year|yearly|annually)\b,9x/year,1,frequency,9 days per year,
\bas\s+needed\b,prn,1,prn,,
\bas\s+required\b,prn,1,prn,,
\bwhen\s+needed\b,prn,1,prn,,
\bif\s+needed\b,prn,1,prn,,
prn\b,prn,1,prn,,
\brarely\b,prn,1,prn,,
\bintermittent\b,prn,1,prn,,
\bqhsprn\b,prn,1,prn,,
\bq\s*(?:1(?:\.0+)?|one)\s*(?:h|hr|hour|hours|hrs)\b,q1 hour,1,frequency,q 1 hour,
\bevery\s*(?:1(?:\.0+)?|one)\s*(?:h|hr|hour|hours|hrs)\b,q1 hour,1,frequency,every 1 hour,
\bq\s*(?:1(?:\.0+)?|one)\s*(?:y|yr|year|yearly|annually)\b,q1 year,1,frequency,q 1 year,
\bevery\s*(?:1(?:\.0+)?|one)\s*(?:y|yr|year|yearly|annually)\b,q1 year,1,frequency,every 1 year,
\bq\s*(?:10(?:\.0+)?|ten)\s*(?:h|hr|hour|hours|hrs)\b,q10 hour,1,frequency,q 10 hour,
\bevery\s*(?:10(?:\.0+)?|ten)\s*(?:h|hr|hour|hours|hrs)\b,q10 hour,1,frequency,every 10 hour,
\bq\s*(?:10(?:\.0+)?|ten)\s*(?:y|yr|year|yearly|annually)\b,q10 year,1,frequency,q 10 year,
\bevery\s*(?:10(?:\.0+)?|ten)\s*(?:y|yr|year|yearly|annually)\b,q10 year,1,frequency,every 10 year,
\bq\s*(?:11(?:\.0+)?|eleven)\s*(?:h|hr|hour|hours|hrs)\b,q11 hour,1,frequency,q 11 hour,
\bevery\s*(?:11(?:\.0+)?|eleven)\s*(?:h|hr|hour|hours|hrs)\b,q11 hour,1,frequency,every 11 hour,
\bq\s*(?:11(?:\.0+)?|eleven)\s*(?:y|yr|year|yearly|annually)\b,q11 year,1,frequency,q 11 year,
\bevery\s*(?:11(?:\.0+)?|eleven)\s*(?:y|yr|year|yearly|annually)\b,q11 year,1,frequency,every 11 year,
\bq\s*(?:12(?:\.0+)?|twelve)\s*(?:h|hr|hour|hours|hrs)\b,q12 hour,1,frequency,q 12 hour,
\bevery\s*(?:12(?:\.0+)?|twelve)\s*(?:h|hr|hour|hours|hrs)\b,q12 hour,1,frequency,every 12 hour,
\bq\s*(?:12(?:\.0+)?|twelve)\s*(?:y|yr|year|yearly|annually)\b,q12 year,1,frequency,q 12 year,
\bevery\s*(?:12(?:\.0+)?|twelve)\s*(?:y|yr|year|yearly|annually)\b,q12 year,1,frequency,every 12 year,
\bq\s*(?:2(?:\.0+)?|two)\s*(?:h|hr|hour|hours|hrs)\b,q2 hour,1,frequency,q 2 hour,
\bevery\s*(?:2(?:\.0+)?|two)\s*(?:h|hr|hour|hours|hrs)\b,q2 hour,1,frequency,every 2 hour,
\bq\s*(?:2(?:\.0+)?|two)\s*(?:y|yr|year|yearly|annually)\b,q2 year,1,frequency,q 2 year,
\bevery\s*(?:2(?:\.0+)?|two)\s*(?:y|yr|year|yearly|annually)\b,q2 year,1,frequency,every 2 year,
\bq\s*(?:3(?:\.0+)?|three)\s*(?:h|hr|hour|hours|hrs)\b,q3 hour,1,frequency,q 3 hour,
\bevery\s*(?:3(?:\.0+)?|three)\s*(?:h|hr|hour|hours|hrs)\b,q3 hour,1,frequency,every 3 hour,
\bq\s*(?:3(?:\.0+)?|three)\s*(?:y|yr|year|yearly|annually)\b,q3 year,1,frequency,q 3 year,
\bevery\s*(?:3(?:\.0+)?|three)\s*(?:y|yr|year|yearly|annually)\b,q3 year,1,frequency,every 3 year,
\bevery 3 hours\b,q3h,1,frequency,,
\bq\s*(?:4(?:\.0+)?|four)\s*(?:h|hr|hour|hours|hrs)\b,q4 hour,1,frequency,q 4 hour,
\bevery\s*(?:4(?:\.0+)?|four)\s*(?:h|hr|hour|hours|hrs)\b,q4 hour,1,frequency,every 4 hour,
\bq\s*(?:4(?:\.0+)?|four)\s*(?:y|yr|year|yearly|annually)\b,q4 year,1,frequency,q 4 year,
\bevery\s*(?:4(?:\.0+)?|four)\s*(?:y|yr|year|yearly|annually)\b,q4 year,1,frequency,every 4 year,
\bq\s*(?:5(?:\.0+)?|five)\s*(?:h|hr|hour|hours|hrs)\b,q5 hour,1,frequency,q 5 hour,
\bevery\s*(?:5(?:\.0+)?|five)\s*(?:h|hr|hour|hours|hrs)\b,q5 hour,1,frequency,every 5 hour,
\bq\s*(?:5(?:\.0+)?|five)\s*(?:y|yr|year|yearly|annually)\b,q5 year,1,frequency,q 5 year,
\bevery\s*(?:5(?:\.0+)?|five)\s*(?:y|yr|year|yearly|annually)\b,q5 year,1,frequency,every 5 year,
\bq\s*(?:6(?:\.0+)?|six)\s*(?:h|hr|hour|hours|hrs)\b,q6 hour,1,frequency,q 6 hour,
\bevery\s*(?:6(?:\.0+)?|six)\s*(?:h|hr|hour|hours|hrs)\b,q6 hour,1,frequency,every 6 hour,
\bq\s*(?:6(?:\.0+)?|six)\s*(?:y|yr|year|yearly|annually)\b,q6 year,1,frequency,q 6 year,
\bevery\s*(?:6(?:\.0+)?|six)\s*(?:y|yr|year|yearly|annually)\b,q6 year,1,frequency,every 6 year,
\vevery 6 hours\b,q6h,1,frequency,,
\bq\s*(?:7(?:\.0+)?|seven)\s*(?:h|hr|hour|hours|hrs)\b,q7 hour,1,frequency,q 7 hour,
\bevery\s*(?:7(?:\.0+)?|seven)\s*(?:h|hr|hour|hours|hrs)\b,q7 hour,1,frequency,every 7 hour,
\bq\s*(?:7(?:\.0+)?|seven)\s*(?:y|yr|year|yearly|annually)\b,q7 year,1,frequency,q 7 year,
\bevery\s*(?:7(?:\.0+)?|seven)\s*(?:y|yr|year|yearly|annually)\b,q7 year,1,frequency,every 7 year,
\bq\s*(?:8(?:\.0+)?|eight)\s*(?:h|hr|hour|hours|hrs)\b,q8 hour,1,frequency,q 8 hour,
\bevery\s*(?:8(?:\.0+)?|eight)\s*(?:h|hr|hour|hours|hrs)\b,q8 hour,1,frequency,every 8 hour,
\bq\s*(?:8(?:\.0+)?|eight)\s*(?:y|yr|year|yearly|annually)\b,q8 year,1,frequency,q 8 year,
\bevery\s*(?:8(?:\.0+)?|eight)\s*(?:y|yr|year|yearly|annually)\b,q8 year,1,frequency,every 8 year,
\bq\s*(?:9(?:\.0+)?|nine)\s*(?:h|hr|hour|hours|hrs)\b,q9 hour,1,frequency,q 9 hour,
\bevery\s*(?:9(?:\.0+)?|nine)\s*(?:h|hr|hour|hours|hrs)\b,q9 hour,1,frequency,every 9 hour,
\bq\s*(?:9(?:\.0+)?|nine)\s*(?:y|yr|year|yearly|annually)\b,q9 year,1,frequency,q 9 year,
\bevery\s*(?:9(?:\.0+)?|nine)\s*(?:y|yr|year|yearly|annually)\b,q9 year,1,frequency,every 9 year,
\bq\s*y\s*r\b,0.0027,2,frequency,1/365,
\bqyr\b,0.0027,2,frequency,1/365,
\bq\s*m\s*o\b,0.0333,2,frequency,30-Jan,
\bqmo\b,0.0333,2,frequency,30-Jan,
(?:/|\bper\b|\ba\b|x)\s*(?:m|mo|month)(?![a-z]),0.033333333,2,frequency,,
\bmonthly\b,0.033333333,2,frequency,,
\bq\s*w\s*k\b,0.142857,2,frequency,7-Jan,
\bqwk\b,0.142857,2,frequency,7-Jan,
\bqw\b,0.142857,2,frequency,7-Jan,
\bq\s*o\s*d\b,0.5,2,frequency,0.5x/day,
\bqod\b,0.5,2,frequency,0.5x/day,
\bevery\s*other\s*day\b,0.5,2,frequency,0.5x/day,
\balt\s*days\b,0.5,2,frequency,0.5x/day,
(?:/|\bper\b|\ba\b|x)\s*(?:d|day|daily)(?![a-z]),1,2,frequency,,`
(?:/|\bper\b|\ba\b|x)\s*(?:24h|24hr|24hrs|24hour|24hours)(?![a-z]),1,2,frequency,,
\bdaily\b,1,2,frequency,,
\bqpm\b,1,2,frequency,,
\bhs\b,1,2,frequency,,
\bnightly\b,1,2,frequency,,
\bevery night\b,1,2,frequency,,
\bevery hour of sleep\b,1,2,frequency,,
\bqhs\b,1,2,frequency,,
\bq\.?\s*d\.?\b,1,2,frequency,once daily,
\bq\s*d\b,1,2,frequency,once daily,
\bq\s*\.?\s*d\b,1,2,frequency,once daily,
\bq\s*day\b,1,2,frequency,once daily,
\bqdaily\b,1,2,frequency,once daily,
\bod\b,1,2,frequency,once daily,
\bsid\b,1,2,frequency,once daily,
\bevery\s*day\b,1,2,frequency,once daily,
\bq\s*24\s*h\b,1,2,frequency,1x/day,
\bq24h\b,1,2,frequency,1x/day,
\b1\s*x\b,1x,2,frequency,,
(?:/|\bper\b|\ba\b|x)\s*(?:y|yr|year)(?![a-z]),1x/year,2,frequency,,
\bb\s*i\s*d\b,2,2,frequency,2x/day,
\bbidly\b,2,2,frequency,2x/day,
\bbd\b,2,2,frequency,2x/day,
\bb\s*d\b,2,2,frequency,2x/day,
\bbid\s*ac\b,2,2,frequency,2x/day,
\bbid\s*pc\b,2,2,frequency,2x/day,
\b2\s*x\s*daily\b,2,2,frequency,2x/day,
\bqh\b,24,2,frequency,,
\bt\.?\s*i\.?\s*d\.?\b,3,2,frequency,3x/day,
\bt\s*i\s*d\b,3,2,frequency,3x/day,
\btid\s*ac\b,3,2,frequency,3x/day,
\btid\s*pc\b,3,2,frequency,3x/day,
\b3\s*x\s*daily\b,3,2,frequency,3x/day,
\bq\.?\s*i\.?\s*d\.?\b,4,2,frequency,4x/day,
\bq\s*i\s*d\b,4,2,frequency,4x/day,
\b4\s*x\s*daily\b,4,2,frequency,4x/day,
\bprn\b,prn,2,prn,prn,
\bas\s*req\b,prn,2,prn,prn,
\boccasionally\b,prn,2,prn,prn,
